sweep,param,method,rep,bound,score,makespan,feasible,runtime_s
bandwidth,1.0,milp,0,1.3844746974914033,1.3844746974914033,43.676834963067904,1,0.20830011367797852
bandwidth,1.0,rounding,0,1.3844746974914033,1.358640186380041,44.68815273813652,1,6.765462160110474
bandwidth,1.0,greedy,0,1.3844746974914033,1.3844746974914033,31.45413246475587,1,0.0007822513580322266
bandwidth,1.0,ga,0,1.3844746974914033,1.3602443677182035,42.94983422179104,1,1.6219780445098877
bandwidth,1.0,blind,0,1.3844746974914033,1.3844746974914033,31.45413246475587,1,0.0005948543548583984
bandwidth,1.0,milp,1,1.437018268215418,1.4369087630459143,78.56638116663324,1,0.10350680351257324
bandwidth,1.0,rounding,1,1.437018268215418,1.4298076249650924,78.56638116663325,1,6.53763484954834
bandwidth,1.0,greedy,1,1.437018268215418,1.437018268215418,54.780435835429614,1,0.0007863044738769531
bandwidth,1.0,ga,1,1.437018268215418,1.4161039381337261,74.3348866115292,1,1.64729905128479
bandwidth,1.0,blind,1,1.437018268215418,1.437018268215418,57.94108148130053,1,0.0006108283996582031
bandwidth,1.0,milp,2,1.4422270834974247,1.4422270834974247,36.19918803005059,1,2.2388217449188232
bandwidth,1.0,rounding,2,1.4422270834974247,1.3522356694867055,36.51917166591779,1,6.513933897018433
bandwidth,1.0,greedy,2,1.4422270834974247,1.4422270834974247,27.54533536763044,1,0.0007879734039306641
bandwidth,1.0,ga,2,1.4422270834974247,1.3636150229950477,35.96517498380352,1,1.6129388809204102
bandwidth,1.0,blind,2,1.4422270834974247,1.4422270834974247,27.01199515277628,1,0.0005891323089599609
bandwidth,0.5,milp,0,1.3844746974914033,1.3844746974914002,43.76911333744159,1,0.3273661136627197
bandwidth,0.5,rounding,0,1.3844746974914033,1.306186281462131,44.68815273813653,1,6.436192035675049
bandwidth,0.5,greedy,0,1.3844746974914033,1.3844746974914033,33.3086773326088,1,0.0007660388946533203
bandwidth,0.5,ga,0,1.3844746974914033,1.3256689185516595,43.241841522802,1,1.5836937427520752
bandwidth,0.5,blind,0,1.3844746974914033,1.3844746974914033,33.11616310408739,1,0.0006029605865478516
bandwidth,0.5,milp,1,1.437018268215418,1.437018268215418,75.98251880132706,1,0.24150395393371582
bandwidth,0.5,rounding,1,1.437018268215418,1.420497128832612,78.56638116663322,1,6.448669910430908
bandwidth,0.5,greedy,1,1.437018268215418,1.437018268215418,58.67121573583703,1,0.0008211135864257812
bandwidth,0.5,ga,1,1.437018268215418,1.4040097888008756,72.55355496045269,1,1.6018168926239014
bandwidth,0.5,blind,1,1.437018268215418,1.437018268215418,64.9154563217589,1,0.0005970001220703125
bandwidth,0.5,milp,2,1.4422270834974247,1.4422270834974247,36.47088978723784,1,6.263596057891846
bandwidth,0.5,rounding,2,1.4422270834974247,1.3267138198929433,36.519171665917796,1,6.439543962478638
bandwidth,0.5,greedy,2,1.4422270834974247,1.4422270834974247,36.04119928863964,1,0.0007700920104980469
bandwidth,0.5,ga,2,1.4422270834974247,1.275948173781005,35.42452901841063,1,1.5920798778533936
bandwidth,0.5,blind,2,1.4422270834974247,1.4422270834974247,31.365650263482408,1,0.0005860328674316406
bandwidth,0.2,milp,0,1.3844746974914033,1.3844746974914033,44.07224844346599,1,4.701053142547607
bandwidth,0.2,rounding,0,1.3844746974914033,1.1662289816151783,44.68815273813654,1,1.495941162109375
bandwidth,0.2,greedy,0,1.3844746974914033,1.3844746974914033,35.07123890080254,1,0.0007979869842529297
bandwidth,0.2,ga,0,1.3844746974914033,1.1419051805635487,44.50859622105051,1,1.592864990234375
bandwidth,0.2,blind,0,1.3844746974914033,1.3844746974914033,38.10225502208196,1,0.0006008148193359375
bandwidth,0.2,milp,1,1.437018268215418,1.437018268215418,77.94100889763119,1,5.012587070465088
bandwidth,0.2,rounding,1,1.437018268215418,1.364249635487797,78.56638116663324,1,6.1458423137664795
bandwidth,0.2,greedy,1,1.437018268215418,1.437018268215418,65.42209875330438,1,0.0008358955383300781
bandwidth,0.2,ga,1,1.437018268215418,1.2655272807130764,77.96824676463217,1,1.6099269390106201
bandwidth,0.2,blind,1,1.437018268215418,1.437018268215418,85.838580843134,0,0.0006327629089355469
bandwidth,0.2,milp,2,1.4422270834974247,1.421667398841071,36.51917166591852,1,60.090765953063965
bandwidth,0.2,rounding,2,1.4422270834974247,,,0,0.6852831840515137
bandwidth,0.2,greedy,2,1.4422270834974247,1.110514854293017,36.394486902628906,1,0.018218040466308594
bandwidth,0.2,ga,2,1.4422270834974247,1.0745692218899654,36.4089870478742,1,1.590756893157959
bandwidth,0.2,blind,2,1.4422270834974247,1.4422270834974247,49.806150248144554,0,0.0006000995635986328
bandwidth,0.1,milp,0,1.3844746974914033,1.384474697491403,43.813400934171625,1,54.93852186203003
bandwidth,0.1,rounding,0,1.3844746974914033,,,0,0.654289960861206
bandwidth,0.1,greedy,0,1.3844746974914033,1.2737167216920908,44.585145639378,1,0.00655364990234375
bandwidth,0.1,ga,0,1.3844746974914033,1.038365064185379,43.04616855642994,1,1.557833194732666
bandwidth,0.1,blind,0,1.3844746974914033,1.3844746974914033,59.28617167964442,0,0.0006189346313476562
bandwidth,0.1,milp,1,1.437018268215418,1.437018268215418,78.45394644468954,1,49.490280866622925
bandwidth,0.1,rounding,1,1.437018268215418,,,0,0.6734728813171387
bandwidth,0.1,greedy,1,1.437018268215418,1.437018268215418,76.78113873799103,1,0.0007910728454589844
bandwidth,0.1,ga,1,1.437018268215418,1.1338192026323863,78.27859736931369,1,1.605586051940918
bandwidth,0.1,blind,1,1.437018268215418,1.437018268215418,120.7104550454258,0,0.0006017684936523438
bandwidth,0.1,milp,2,1.4422270834974247,1.2352026658368178,36.519171665917824,1,60.0903639793396
bandwidth,0.1,rounding,2,1.4422270834974247,,,0,0.6646919250488281
bandwidth,0.1,greedy,2,1.4422270834974247,0.3172899583694325,36.47997764769666,1,0.05826306343078613
bandwidth,0.1,ga,2,1.4422270834974247,1.0235500031383287,52.150162818735275,0,1.581017017364502
bandwidth,0.1,blind,2,1.4422270834974247,1.4422270834974247,81.60119508372058,0,0.0006201267242431641
bandwidth,0.05,milp,0,1.3844746974914033,1.362613030665237,44.68815273813652,1,60.09100961685181
bandwidth,0.05,rounding,0,1.3844746974914033,,,0,0.7046370506286621
bandwidth,0.05,greedy,0,1.3844746974914033,0.0,48.66375449271529,0,0.07568907737731934
bandwidth,0.05,ga,0,1.3844746974914033,1.0177582597683572,65.96006571103031,0,1.5748279094696045
bandwidth,0.05,blind,0,1.3844746974914033,1.3844746974914033,104.50569143416001,0,0.0010001659393310547
bandwidth,0.05,milp,1,1.437018268215418,1.403989620317337,78.56638116663324,1,60.09558391571045
bandwidth,0.05,rounding,1,1.437018268215418,,,0,0.6648650169372559
bandwidth,0.05,greedy,1,1.437018268215418,0.7185091341077084,78.49057895362682,1,0.039884090423583984
bandwidth,0.05,ga,1,1.437018268215418,1.0837808227849743,119.47229656098918,0,1.6274628639221191
bandwidth,0.05,blind,1,1.437018268215418,1.437018268215418,190.45420345000946,0,0.0006082057952880859
bandwidth,0.05,milp,2,1.4422270834974247,1.152703929602427,36.51917166591781,1,60.09278702735901
bandwidth,0.05,rounding,2,1.4422270834974247,,,0,0.6673052310943604
bandwidth,0.05,greedy,2,1.4422270834974247,0.0,49.293554558864614,0,0.07467913627624512
bandwidth,0.05,ga,2,1.4422270834974247,1.0252303255178041,81.0550918417765,0,1.5939531326293945
bandwidth,0.05,blind,2,1.4422270834974247,1.4422270834974247,145.19128475487264,0,0.0006191730499267578
