sweep,param,method,rep,score,makespan,feasible,runtime_s
slack,1.0,milp,0,1.4029655961498857,18.408118880090708,1,2.094823122024536
slack,1.0,rounding,0,1.4014017477518448,18.408118880090697,1,1.5738091468811035
slack,1.0,greedy,0,1.2162083152817575,18.38035845365212,1,0.004632711410522461
slack,1.0,ga,0,1.3424690323374822,17.979180221186194,1,0.7569928169250488
slack,1.0,milp,1,1.425526650379585,35.65962845345331,1,4.4965667724609375
slack,1.0,rounding,1,1.4071068050720241,35.65962845345332,1,1.6130778789520264
slack,1.0,greedy,1,1.2964229173236765,35.652396761518695,1,0.003365755081176758
slack,1.0,ga,1,1.3908419023187346,35.15626461492741,1,0.8495500087738037
slack,1.2,milp,0,1.447867042002092,21.647905024054406,1,0.7431299686431885
slack,1.2,rounding,0,1.447867042002092,21.647905024054406,1,1.8066749572753906
slack,1.2,greedy,0,1.447867042002092,21.435186171995753,1,0.00041413307189941406
slack,1.2,ga,0,1.423013404926903,22.056517460235806,1,0.911513090133667
slack,1.2,milp,1,1.4404699081374177,42.39429009960962,1,0.22167611122131348
slack,1.2,rounding,1,1.4404699081374184,42.54493701640244,1,2.2416179180145264
slack,1.2,greedy,1,1.4404699081374184,39.21835960686402,1,0.0003681182861328125
slack,1.2,ga,1,1.4399045460630782,41.86504033562369,1,0.9399030208587646
slack,1.3,milp,0,1.447867042002092,23.73497935447808,1,0.06696200370788574
slack,1.3,rounding,0,1.447867042002092,22.791093524539875,1,1.6698570251464844
slack,1.3,greedy,0,1.447867042002092,21.435186171995753,1,0.0003299713134765625
slack,1.3,ga,0,1.440168387040129,22.75575045531253,1,0.7603421211242676
slack,1.3,milp,1,1.4404699081374184,44.2475997134724,1,0.046449899673461914
slack,1.3,rounding,1,1.4404699081374184,42.54493701640244,1,1.788194179534912
slack,1.3,greedy,1,1.4404699081374184,39.21835960686402,1,0.0003437995910644531
slack,1.3,ga,1,1.4377688158811197,45.37107633349517,1,0.8285748958587646
slack,1.5,milp,0,1.447867042002092,26.065111004447438,1,0.02565789222717285
slack,1.5,rounding,0,1.447867042002092,26.765285447218247,1,1.7216930389404297
slack,1.5,greedy,0,1.447867042002092,21.435186171995753,1,0.000331878662109375
slack,1.5,ga,0,1.4476190480881295,26.34142091095056,1,0.8402509689331055
slack,1.5,milp,1,1.4404699081374184,47.715875151101514,1,0.026782989501953125
slack,1.5,rounding,1,1.4404699081374184,47.312736205921865,1,1.7208690643310547
slack,1.5,greedy,1,1.4404699081374184,39.21835960686402,1,0.00034499168395996094
slack,1.5,ga,1,1.4399453954750217,45.727877260312574,1,0.8427112102508545
slack,2.0,milp,0,1.447867042002092,23.990048477519693,1,0.030922889709472656
slack,2.0,rounding,0,1.447867042002092,27.582336254818593,1,1.9038538932800293
slack,2.0,greedy,0,1.447867042002092,21.435186171995753,1,0.0007569789886474609
slack,2.0,ga,0,1.4471253283764027,24.940377424250794,1,0.9918050765991211
slack,2.0,milp,1,1.4404699081374184,47.715875151101514,1,0.054856300354003906
slack,2.0,rounding,1,1.4404699081374184,47.312736205921865,1,2.4407413005828857
slack,2.0,greedy,1,1.4404699081374184,39.21835960686402,1,0.0003981590270996094
slack,2.0,ga,1,1.4399453954750217,45.727877260312574,1,1.0493412017822266
