0,1
0,2
0,4
0,5
0,7
0,8
0,31
0,38
0,51
0,66
0,90
1,2
1,3
1,6
1,11
1,17
1,18
1,20
1,21
1,37
1,38
2,3
2,7
2,19
2,24
2,40
2,49
3,4
3,5
3,6
3,9
3,12
3,16
3,30
3,54
4,5
4,11
4,14
4,18
4,20
4,21
4,23
4,33
4,51
4,71
5,6
5,8
5,9
5,14
5,15
5,43
5,65
5,70
5,75
5,83
6,10
6,12
6,13
6,19
6,22
6,48
6,53
6,72
7,11
7,34
7,79
7,86
7,98
8,9
8,12
8,14
8,15
8,19
8,21
8,23
8,61
9,10
9,16
9,35
9,43
9,74
9,97
10,42
10,58
10,62
10,90
11,13
11,25
11,26
12,13
12,22
12,25
12,27
12,29
12,44
12,45
12,64
12,68
12,71
12,76
12,91
12,99
13,17
13,28
13,68
14,16
14,17
14,22
14,28
14,41
14,52
14,81
15,18
15,20
15,24
15,36
15,56
15,61
15,79
16,26
16,34
17,41
17,47
17,56
18,46
18,51
18,58
19,36
19,39
19,49
19,57
19,88
20,27
20,29
20,50
20,54
21,23
21,29
21,30
21,67
22,24
22,28
22,37
23,25
23,42
23,54
24,44
24,63
24,77
25,26
25,27
25,44
25,45
25,47
26,55
27,30
27,32
27,34
27,37
27,38
27,71
27,84
28,31
28,35
28,46
28,48
28,72
28,88
28,96
29,33
29,39
29,57
30,31
30,32
31,32
32,33
32,35
32,84
32,89
33,36
33,40
33,52
33,64
34,65
34,70
34,73
35,63
35,78
36,39
36,45
36,52
36,86
36,90
37,46
37,64
37,66
37,76
37,89
37,97
38,43
39,41
39,59
39,67
39,69
39,78
39,80
39,82
39,93
40,48
41,50
41,62
41,69
41,85
41,98
41,99
42,55
44,49
44,60
44,62
45,47
45,53
45,68
45,79
45,95
46,98
47,59
47,94
48,56
48,76
48,89
49,82
50,53
50,57
50,66
51,59
51,77
52,61
52,70
52,72
53,55
54,77
54,83
55,60
55,97
56,74
57,58
57,60
57,63
58,99
61,78
61,87
63,65
63,73
64,80
64,81
64,92
65,67
65,75
66,69
66,73
66,82
66,85
67,74
67,91
67,96
68,87
69,87
70,84
70,88
70,94
73,96
75,83
75,86
75,92
77,91
78,81
78,93
79,80
82,95
84,85
86,95
90,92
91,93
91,94
