0,277
0,347
0,428
0,429
0,611
0,812
0,877
1,182
1,328
1,337
1,624
1,751
2,51
2,208
2,327
2,415
3,176
3,187
3,449
3,694
4,274
4,705
4,773
4,882
5,284
5,350
5,592
5,636
6,26
6,59
6,79
6,350
6,427
6,720
7,92
7,272
7,312
7,799
8,84
8,150
8,356
8,516
8,537
9,67
9,329
9,334
9,421
10,547
10,570
10,672
10,763
10,886
11,14
11,242
11,290
11,301
11,606
11,757
11,980
12,209
12,247
12,307
12,852
13,47
13,139
13,762
13,834
14,171
14,290
14,301
14,757
15,226
15,351
15,437
15,476
15,489
15,679
16,44
16,136
16,309
16,377
17,241
17,657
17,937
17,962
18,346
18,409
18,424
18,443
19,69
19,154
19,228
19,393
19,395
19,451
19,714
20,21
20,657
20,791
20,962
20,977
21,263
21,791
21,977
22,72
22,93
22,408
22,655
22,756
22,875
23,231
23,430
23,589
23,851
23,975
24,124
24,511
24,564
24,940
25,131
25,552
25,597
25,719
25,898
25,996
26,59
26,79
26,128
26,161
26,230
27,86
27,100
27,380
27,869
27,915
27,986
28,258
28,434
28,585
28,678
29,235
29,416
29,659
29,665
29,963
30,333
30,634
30,925
30,986
31,117
31,291
31,550
31,553
31,595
31,638
31,900
31,903
32,77
32,656
32,687
32,895
33,120
33,200
33,583
33,641
33,821
34,145
34,575
34,869
34,967
35,123
35,280
35,488
35,594
35,733
35,835
35,889
36,53
36,399
36,544
36,759
36,824
37,127
37,146
37,189
37,364
37,501
38,248
38,733
38,798
38,889
39,141
39,295
39,335
39,890
40,57
40,297
40,780
40,848
41,116
41,153
41,486
41,878
42,258
42,262
42,561
42,667
42,883
43,178
43,196
43,484
43,691
43,748
43,968
44,136
44,377
44,994
45,254
45,358
45,532
45,834
46,73
46,500
46,686
46,831
47,139
47,381
47,762
47,834
48,120
48,148
48,253
48,643
48,721
48,959
49,87
49,192
49,438
49,490
49,805
49,920
50,181
50,210
50,352
50,431
50,618
50,811
51,208
51,415
51,685
51,804
52,169
52,173
52,370
52,581
52,993
53,544
53,756
53,824
54,106
54,151
54,684
54,894
55,388
55,459
55,467
55,577
55,803
55,907
56,467
56,590
56,635
56,988
57,217
57,297
57,480
57,639
57,780
58,103
58,161
58,230
58,995
59,79
59,738
60,80
60,132
60,458
60,734
61,97
61,99
61,206
61,450
61,479
61,939
61,998
62,239
62,276
62,287
62,503
62,819
63,90
63,299
63,688
63,849
64,177
64,468
64,524
64,770
64,981
65,212
65,227
65,573
65,666
65,991
66,168
66,180
66,481
66,745
67,329
67,334
67,361
68,122
68,232
68,256
68,400
69,154
69,228
69,393
69,395
70,94
70,102
70,246
70,354
70,514
70,744
71,363
71,491
71,536
71,598
71,772
71,793
72,93
72,756
72,875
73,124
73,422
73,500
73,511
73,686
74,249
74,464
74,527
74,613
75,723
75,808
75,838
75,901
75,983
76,396
76,717
76,750
76,973
77,273
77,465
77,747
77,895
78,110
78,175
78,184
78,191
78,911
79,128
79,230
80,132
80,458
80,734
81,119
81,705
81,759
81,773
81,857
82,130
82,426
82,587
82,603
82,650
82,673
82,833
82,929
83,203
83,411
83,548
83,896
84,344
84,516
84,537
84,683
85,174
85,202
85,876
85,933
86,100
86,380
86,915
86,931
87,192
87,490
87,739
87,805
87,920
88,484
88,488
88,733
88,968
89,109
89,314
89,423
89,829
90,266
90,278
90,299
90,374
90,849
90,952
91,136
91,163
91,303
91,311
91,482
92,220
92,272
92,312
92,725
92,799
93,655
93,756
93,875
94,102
94,227
94,354
94,514
95,169
95,558
95,578
95,899
96,133
96,445
96,615
96,807
96,815
97,99
97,206
97,450
97,939
97,998
98,574
98,684
98,888
98,904
99,206
99,455
99,998
100,380
100,634
100,915
100,931
100,986
101,220
101,371
101,725
101,764
101,765
101,918
102,244
102,354
102,637
102,744
103,330
103,718
103,731
103,771
103,995
104,116
104,140
104,631
104,806
105,155
105,499
105,736
105,818
105,932
105,942
106,151
106,684
106,698
106,894
107,188
107,306
107,498
107,774
107,891
108,296
108,355
108,534
108,683
109,314
109,423
109,823
109,829
110,175
110,588
110,845
111,337
111,471
111,505
111,935
112,256
112,322
112,400
112,695
112,755
113,259
113,352
113,431
113,599
113,850
114,162
114,601
114,728
114,844
115,156
115,264
115,341
115,523
115,802
116,140
116,234
116,631
116,680
116,922
117,291
117,550
117,595
117,638
117,903
118,269
118,369
118,483
118,707
119,705
119,759
119,857
120,253
120,583
120,721
120,746
121,321
121,331
121,365
121,944
122,180
122,232
122,745
123,280
123,488
123,737
124,422
124,511
124,686
125,164
125,403
125,407
125,454
125,766
125,908
126,207
126,265
126,572
126,617
126,928
126,954
127,146
127,189
127,501
128,161
128,491
129,292
129,452
129,470
129,494
129,632
129,859
129,966
130,426
130,587
130,603
130,673
130,833
131,552
131,597
131,898
131,996
132,458
132,734
133,677
133,815
133,858
133,970
134,390
134,919
134,957
134,972
135,225
135,343
135,376
135,379
136,311
137,629
137,685
137,692
137,697
137,964
138,238
138,555
138,797
138,861
138,936
138,956
139,381
139,762
139,834
140,631
140,806
141,295
141,296
141,683
142,571
142,582
142,816
142,914
142,985
143,492
143,545
143,546
143,735
144,568
144,743
144,873
144,910
145,478
145,575
145,869
145,902
145,967
146,275
146,501
147,215
147,289
147,457
147,814
147,847
147,941
148,383
148,955
148,982
149,225
149,441
149,494
149,580
149,632
150,322
150,400
150,695
151,170
151,300
151,684
151,698
151,730
152,339
152,497
152,502
152,651
152,878
153,222
153,234
153,878
154,393
154,395
155,499
155,736
155,818
155,932
155,942
156,348
156,519
156,563
156,802
156,848
157,293
157,540
157,710
157,722
157,820
157,873
158,298
158,538
158,630
158,929
159,229
159,539
159,707
159,782
159,828
159,846
160,318
160,442
160,473
160,801
161,230
162,298
162,487
162,601
162,713
162,844
163,231
163,311
163,401
164,245
164,403
164,407
164,908
164,926
165,191
165,353
165,609
165,842
165,924
166,496
166,675
166,841
166,912
167,229
167,704
167,769
167,828
168,481
168,639
168,745
169,173
169,948
170,300
170,425
170,730
170,904
171,757
171,860
171,971
172,474
172,568
172,579
172,743
173,370
173,851
173,948
174,399
174,824
174,876
175,191
175,588
175,609
175,845
176,404
176,433
176,694
177,468
177,524
177,770
177,989
178,196
178,691
178,748
179,276
179,340
179,776
179,905
180,232
180,481
180,745
181,218
181,446
181,811
182,201
182,328
182,337
182,505
182,624
182,935
183,236
183,387
183,453
183,506
184,330
184,731
184,778
184,911
185,199
185,275
185,658
185,693
185,840
186,317
186,319
186,375
186,767
186,779
186,978
187,213
187,469
187,640
187,703
188,294
188,498
188,521
188,999
189,364
189,466
189,501
190,304
190,316
190,520
190,660
190,781
190,917
191,588
191,609
191,778
191,845
192,463
192,649
192,739
192,805
193,285
193,458
193,892
193,913
194,256
194,571
194,887
194,914
195,435
195,556
195,795
195,953
196,484
196,691
196,737
196,748
197,323
197,326
197,598
197,772
197,793
198,402
198,475
198,590
198,716
198,753
198,856
199,275
199,305
199,512
199,693
199,880
200,583
200,641
200,821
201,261
201,328
201,624
201,810
202,854
202,876
202,933
203,382
203,411
203,526
203,548
203,870
203,896
204,430
204,578
204,899
204,948
205,357
205,566
205,711
205,954
206,939
206,998
207,617
207,682
207,928
208,376
208,415
209,247
209,263
209,307
209,495
209,709
209,852
210,236
210,352
210,811
211,312
211,323
211,384
211,626
212,227
212,255
212,442
212,473
212,573
212,927
212,991
213,470
213,494
213,703
214,360
214,482
214,843
214,976
215,289
215,814
215,941
216,279
216,302
216,522
216,974
217,264
217,480
217,639
217,758
217,780
218,394
218,446
218,653
219,401
219,596
219,827
219,958
219,975
219,978
220,308
220,725
220,764
220,799
221,455
221,509
221,566
221,881
222,424
222,443
222,447
222,497
223,325
223,501
223,525
223,943
224,670
224,681
224,897
224,931
225,343
225,376
225,379
225,441
225,632
226,313
226,476
226,489
226,679
226,709
227,991
228,668
228,784
229,704
229,769
229,828
230,567
230,777
231,430
231,975
232,745
233,281
233,557
233,625
233,979
234,424
234,680
234,922
235,557
235,659
235,963
236,283
236,387
236,453
236,506
237,422
237,684
237,894
237,909
238,533
238,555
238,797
239,276
239,340
239,503
239,879
239,945
240,289
240,616
240,642
240,814
240,825
241,243
241,364
241,439
241,576
242,290
242,301
242,980
243,439
243,576
243,760
243,992
244,606
244,637
244,666
245,836
245,908
245,926
246,271
246,354
246,515
246,744
247,307
247,852
248,773
248,798
248,882
249,346
249,408
249,409
249,527
249,613
250,383
250,507
250,511
250,831
250,940
251,391
251,456
251,688
251,702
252,607
252,654
252,853
252,901
253,583
253,721
253,746
254,358
254,569
254,706
255,442
255,473
255,573
255,927
256,400
256,887
256,914
257,315
257,528
257,646
257,821
258,262
258,434
258,585
258,678
258,783
259,352
259,431
259,618
259,850
260,370
260,385
260,518
260,642
260,868
261,554
261,810
261,935
262,561
262,585
262,678
262,783
263,428
263,495
264,297
264,341
265,572
265,617
265,954
266,374
266,552
266,597
266,952
267,345
267,729
267,794
267,923
268,701
268,724
268,892
268,913
269,362
269,369
269,417
269,419
270,472
270,531
270,593
270,700
270,830
271,461
271,514
271,515
272,312
272,716
272,725
273,465
273,747
273,827
274,605
274,800
274,835
274,855
275,512
275,693
276,340
276,503
276,776
276,945
277,347
277,429
277,611
277,728
277,877
278,299
278,374
278,700
279,302
279,522
279,621
279,974
280,800
280,835
280,934
281,817
281,923
281,979
282,342
282,508
282,554
282,652
283,453
283,506
283,858
284,350
284,592
284,636
285,458
285,669
285,892
285,913
286,736
286,864
286,893
286,932
287,819
287,879
287,893
287,951
288,414
288,668
288,696
288,890
289,866
289,941
290,301
290,757
290,980
291,550
291,553
291,595
291,638
291,843
291,900
291,903
292,452
292,859
292,966
293,540
293,710
293,722
293,873
294,521
294,610
294,916
294,999
295,296
295,335
296,683
297,331
297,341
297,848
298,487
298,601
298,713
299,456
299,688
299,700
299,849
300,730
300,904
301,757
301,980
302,522
302,606
302,974
303,311
303,396
303,482
303,921
304,316
304,520
304,886
305,512
305,622
305,880
306,690
306,774
306,891
306,942
307,495
307,709
307,852
308,630
308,764
308,799
309,362
309,377
309,529
309,994
310,437
310,476
310,523
310,644
311,482
313,397
313,487
313,489
313,679
314,423
314,823
314,829
314,985
315,528
315,646
315,768
315,854
316,520
316,886
317,779
317,827
317,978
318,325
318,466
318,525
318,801
318,943
319,375
319,767
319,779
320,462
320,794
320,822
320,981
321,365
321,519
321,936
322,400
322,695
323,326
323,384
324,600
324,608
324,754
324,871
325,525
325,943
326,626
326,772
326,793
327,415
327,432
327,649
328,337
328,624
329,334
329,361
329,392
329,600
330,689
330,718
330,731
330,771
330,995
331,365
331,519
331,848
332,499
332,662
332,774
332,942
333,517
333,789
333,836
333,905
334,421
335,349
335,367
335,368
335,727
336,406
336,718
336,771
336,906
336,995
337,505
337,624
337,751
338,412
338,764
338,765
338,969
339,449
339,486
339,648
339,651
339,878
340,776
340,945
341,802
342,508
342,513
342,554
342,652
342,817
343,376
343,379
344,516
344,537
344,683
345,729
345,794
345,822
345,951
346,409
346,527
346,613
347,611
347,728
347,812
347,877
348,519
348,563
348,802
349,367
349,368
349,727
350,427
350,592
350,636
350,720
351,397
351,476
351,679
351,749
352,431
352,618
352,850
353,391
353,842
353,924
354,744
355,534
355,683
355,792
355,809
356,537
356,792
356,944
357,566
357,711
357,954
358,532
358,706
359,373
359,475
359,536
359,626
359,738
359,865
360,482
360,638
360,976
361,392
361,591
362,369
362,417
362,419
363,491
363,772
363,793
364,439
364,576
365,519
365,848
366,510
366,758
366,837
366,987
367,368
367,727
368,727
369,417
369,419
369,732
370,518
370,868
370,993
371,412
371,485
371,765
371,918
372,623
372,664
372,790
372,960
373,491
373,536
373,626
373,738
373,865
374,700
374,952
375,767
375,874
376,379
376,463
377,529
377,994
378,542
378,653
378,658
378,787
378,840
380,915
380,931
381,682
381,762
382,492
382,735
382,870
382,896
383,507
383,831
383,955
383,982
384,719
384,898
384,996
385,614
385,642
385,825
385,868
386,545
386,561
386,565
386,667
387,485
387,506
388,459
388,577
388,803
388,907
389,551
389,647
389,661
389,761
390,460
390,478
390,627
390,919
390,997
391,688
391,702
391,842
391,924
392,591
392,600
392,949
393,395
393,451
393,628
393,714
394,446
394,653
394,787
396,717
396,750
396,921
396,973
397,487
397,679
398,676
398,736
398,818
398,932
399,759
399,824
400,695
400,755
401,596
401,958
402,475
402,590
402,753
402,988
403,407
403,766
403,908
404,433
404,602
404,633
404,694
404,744
405,448
405,558
405,676
405,826
405,984
406,689
406,771
406,906
407,766
407,908
408,409
408,655
409,527
410,466
410,620
410,760
410,786
410,992
411,526
411,548
411,870
411,896
412,485
412,765
412,918
412,969
413,508
413,513
413,551
413,817
414,668
414,696
414,784
414,890
416,436
416,663
416,665
416,963
417,419
417,732
418,595
418,654
418,752
418,900
420,560
420,740
420,847
420,990
421,788
421,930
421,946
421,961
422,500
422,686
422,909
423,823
423,829
424,447
424,922
425,717
425,730
425,750
426,650
426,833
426,929
427,592
427,720
428,812
428,877
429,485
429,611
430,851
430,975
431,618
431,850
432,438
432,586
432,649
432,699
432,872
433,633
433,694
434,585
434,678
435,556
435,795
435,953
436,619
436,663
436,665
436,947
437,476
437,523
437,644
438,490
438,649
438,699
438,920
439,576
440,469
440,562
440,612
440,966
440,971
441,494
441,580
441,632
442,473
442,573
442,991
443,447
443,605
444,464
444,541
444,543
444,559
444,584
444,867
445,615
445,807
445,815
446,653
446,787
447,497
447,605
448,558
448,676
448,826
448,984
449,486
449,648
449,651
450,479
450,998
451,593
451,628
451,714
452,859
452,966
453,506
454,789
454,836
454,905
454,908
455,509
455,881
456,628
456,714
456,830
457,724
457,814
457,847
458,734
458,885
459,577
459,832
460,627
460,715
460,919
460,997
461,515
461,775
461,990
462,504
462,604
462,822
462,981
463,649
463,805
464,559
464,584
465,747
465,895
466,801
466,992
467,635
467,803
467,907
468,770
468,864
468,951
468,989
469,562
469,612
469,640
470,494
470,703
470,966
471,551
471,647
471,661
472,531
472,593
472,797
474,568
474,579
474,743
475,626
475,865
477,515
477,602
477,633
477,775
478,967
478,997
479,939
479,998
480,639
480,780
480,837
481,745
482,976
483,707
483,732
483,846
483,884
484,488
484,748
484,968
485,969
486,648
486,878
487,713
488,733
488,737
488,889
489,679
490,920
490,928
492,545
492,546
492,735
493,619
493,659
493,726
493,947
493,950
494,632
494,703
495,709
496,645
496,674
496,675
496,832
496,841
497,502
497,605
497,855
498,662
498,774
499,662
499,736
499,818
499,942
500,574
500,686
502,580
502,934
503,819
503,945
504,530
504,604
504,660
505,624
505,751
505,935
507,831
507,982
508,513
508,652
508,817
509,566
509,881
510,758
510,837
510,987
511,940
512,693
512,880
513,817
514,515
515,602
515,744
515,775
516,537
516,683
517,789
517,836
517,905
518,581
518,616
518,642
518,868
519,936
520,917
521,610
521,999
522,606
522,974
523,644
524,610
524,981
525,801
525,943
526,539
526,870
527,613
528,646
528,768
528,854
529,909
529,994
530,604
530,660
530,781
531,593
531,797
532,586
532,699
533,555
533,563
533,749
534,683
534,792
534,809
534,861
534,956
535,564
535,704
535,940
535,965
536,626
536,865
538,630
538,719
538,929
539,707
539,846
540,710
540,722
540,820
541,559
541,655
541,867
542,653
542,658
542,787
542,840
543,559
543,584
543,867
544,759
544,824
545,546
545,747
546,874
547,570
547,672
547,763
547,886
548,896
549,885
549,930
549,946
549,961
550,638
551,647
551,661
552,597
552,898
553,752
553,843
553,903
554,652
555,797
556,795
556,816
556,953
557,659
557,963
558,578
558,690
558,984
559,584
559,867
560,740
560,847
560,990
561,667
562,612
562,640
562,757
563,749
564,940
564,965
565,656
565,671
565,687
566,711
567,720
567,777
567,906
568,579
568,743
568,820
569,692
569,706
569,708
570,672
570,886
571,816
571,887
571,914
572,617
572,711
572,954
573,666
573,927
574,686
574,888
575,869
575,902
575,967
576,977
577,907
578,899
579,743
580,934
581,788
581,993
582,785
582,816
582,985
583,646
583,721
583,746
584,867
585,678
585,783
586,682
586,699
586,872
587,603
587,673
587,833
588,845
589,851
589,895
589,975
590,636
590,753
590,988
591,600
591,893
591,949
592,720
593,830
594,733
594,835
594,882
594,889
595,607
595,752
595,900
596,827
596,958
596,975
596,978
597,952
598,772
598,793
599,807
599,813
599,850
599,938
600,754
600,871
601,713
601,844
602,633
602,744
602,775
603,833
604,660
604,781
606,637
607,654
607,853
608,754
608,871
608,926
609,778
610,999
611,877
612,640
612,860
612,971
614,642
614,656
614,825
615,674
615,815
615,910
616,642
616,825
617,928
617,954
618,850
618,925
619,665
619,947
620,760
620,786
620,992
621,666
621,927
621,987
622,766
622,787
622,880
623,664
623,790
623,960
624,810
624,935
625,670
625,897
625,979
626,865
627,715
627,726
627,919
627,997
628,714
629,692
629,708
629,964
630,929
631,678
631,680
633,744
633,775
634,915
634,986
635,803
635,988
637,666
638,843
638,903
639,780
641,782
641,821
642,825
643,790
643,863
643,959
644,786
645,674
645,675
645,832
646,746
646,854
647,661
648,651
648,878
650,749
650,833
651,878
653,787
654,752
655,862
656,687
656,866
657,791
657,937
657,962
658,840
659,897
659,950
660,781
661,761
661,917
662,774
662,891
662,942
663,665
663,947
664,790
664,960
665,947
665,963
666,927
667,883
668,784
668,890
669,701
669,892
669,913
670,681
670,819
670,897
671,687
671,866
671,883
672,763
672,886
673,833
674,675
674,832
674,910
675,841
676,826
677,807
677,815
677,858
677,970
678,783
678,806
680,922
681,897
681,950
682,920
684,888
684,894
684,904
685,697
685,804
685,964
687,866
688,849
689,718
689,771
690,891
690,984
691,748
691,804
692,708
692,964
696,784
696,890
697,804
697,964
698,921
698,973
699,872
700,830
701,724
701,892
701,913
702,842
702,924
704,965
705,773
705,857
706,708
706,872
707,846
707,884
710,722
711,954
712,742
712,768
712,796
712,862
712,933
715,726
715,997
716,725
716,856
717,750
717,973
718,771
718,995
719,898
719,996
720,777
721,746
722,873
723,853
723,901
723,983
724,847
725,856
726,997
728,844
728,877
729,822
729,923
731,911
732,884
733,889
735,870
735,874
736,932
737,748
738,753
739,795
739,805
740,847
740,990
741,902
741,912
741,957
741,972
742,768
742,796
742,862
742,933
743,820
743,873
748,968
750,973
751,763
752,900
754,871
755,785
755,881
756,875
757,860
757,971
758,837
758,987
759,824
759,857
760,992
761,822
761,917
762,834
764,765
764,969
765,918
765,969
766,908
767,874
768,796
768,933
769,782
769,828
770,864
770,951
770,989
771,906
771,995
772,793
773,857
774,891
776,836
777,906
778,911
779,827
779,958
779,978
782,821
782,828
783,806
785,881
785,985
786,992
788,946
788,961
788,993
789,905
790,863
790,959
790,960
791,977
792,809
792,944
794,822
794,951
795,953
796,862
796,933
798,882
798,889
800,835
800,855
800,934
802,848
803,907
807,813
808,838
808,839
808,916
808,983
809,944
809,956
810,935
811,937
811,962
812,877
813,925
813,938
814,847
815,970
816,914
818,942
823,829
825,868
826,984
827,958
827,978
831,982
835,855
835,882
836,905
837,987
838,839
838,916
838,983
839,916
839,983
841,912
842,924
843,903
843,976
846,884
847,990
853,901
855,934
856,988
858,970
859,966
860,971
861,936
861,956
863,955
863,959
864,989
866,883
870,874
870,896
871,926
873,910
875,876
879,893
879,949
882,889
883,941
885,930
885,946
887,914
888,904
892,913
893,949
894,909
897,950
898,996
899,948
900,903
902,938
902,967
906,995
912,972
915,986
916,999
921,973
923,979
925,938
930,946
930,961
936,956
937,962
939,998
940,965
946,961
955,982
957,967
957,972
958,978
